id,email,Fname,Lname,institution,phoneNum,type,password
1,cmurton0@angelfire.com,Cissiee,Murton,orci pede venenatis,552-921-9980,tristique tortor eu,cZ0!_U>GY>
2,tesby1@npr.org,Tomi,Esby,eleifend donec,928-769-8405,augue aliquam,uB0{&19f|=LFRZp
3,kdomican2@shop-pro.jp,Karalee,Domican,donec posuere metus,742-102-0114,consequat varius integer,tB5(6>IxE&
4,mrippingale3@admin.ch,Marcelia,Rippingale,rutrum nulla tellus,650-759-8372,in tempus sit,"pL2<y5|<k4m0""RgC"
5,bfarnill4@i2i.jp,Bobbie,Farnill,adipiscing molestie,499-684-9867,ligula vehicula consequat,"aV2&$>=,gv"
6,gcaldecot5@cargocollective.com,Gail,Caldecot,ultrices enim,630-795-8414,duis bibendum felis,sM0<>CRLI5JQ~<>
7,kogavin6@noaa.gov,Katleen,O'Gavin,nulla mollis molestie,210-154-7470,orci luctus et,"eD6!'*w<,%+"
8,astratten7@ezinearticles.com,Alyse,Stratten,integer pede justo,342-693-5442,tortor risus dapibus,yA1}|IT&ZrG8dQ=v
9,ebarrand8@amazon.de,Estel,Barrand,id luctus,236-809-4526,ipsum dolor,tP3|Az0CxrA
10,gportugal9@scientificamerican.com,Genevra,Portugal,est phasellus sit,953-403-4900,eget,aY1)b8/4SR7WvU
